-- phpMyAdmin SQL Dump
-- version 4.9.0.1
-- https://www.phpmyadmin.net/
--
-- Hôte : 127.0.0.1
-- Généré le :  jeu. 09 juil. 2020 à 13:49
-- Version du serveur :  10.4.6-MariaDB
-- Version de PHP :  7.3.9

SET FOREIGN_KEY_CHECKS=0;
SET SQL_MODE = "NO_AUTO_VALUE_ON_ZERO";
SET AUTOCOMMIT = 0;
START TRANSACTION;
SET time_zone = "+00:00";


/*!40101 SET @OLD_CHARACTER_SET_CLIENT=@@CHARACTER_SET_CLIENT */;
/*!40101 SET @OLD_CHARACTER_SET_RESULTS=@@CHARACTER_SET_RESULTS */;
/*!40101 SET @OLD_COLLATION_CONNECTION=@@COLLATION_CONNECTION */;
/*!40101 SET NAMES utf8mb4 */;

--
-- Base de données :  `plafor`
--
CREATE DATABASE IF NOT EXISTS `plafor` DEFAULT CHARACTER SET utf8 COLLATE utf8_general_ci;
USE `plafor`;

--
-- Déchargement des données de la table `acquisition_status`
--

INSERT INTO `acquisition_status` (`id`, `fk_objective`, `fk_user_course`, `fk_acquisition_level`) VALUES
(1, 1, 1, 1),
(2, 2, 1, 1),
(3, 3, 1, 1),
(4, 4, 1, 1),
(5, 5, 1, 1),
(6, 6, 1, 1),
(7, 7, 1, 1),
(8, 8, 1, 1),
(9, 9, 1, 1),
(10, 10, 1, 1),
(11, 11, 1, 1),
(12, 12, 1, 1),
(13, 13, 1, 1),
(14, 14, 1, 1),
(15, 15, 1, 1),
(16, 16, 1, 1),
(17, 17, 1, 1),
(18, 18, 1, 1),
(19, 19, 1, 1),
(20, 20, 1, 1),
(21, 21, 1, 1),
(22, 22, 1, 1),
(23, 23, 1, 1),
(24, 24, 1, 1),
(25, 25, 1, 1),
(26, 26, 1, 1),
(27, 27, 1, 1),
(28, 28, 1, 1),
(29, 29, 1, 1),
(30, 30, 1, 1),
(31, 31, 1, 1),
(32, 32, 1, 1),
(33, 33, 1, 1),
(34, 34, 1, 1),
(35, 35, 1, 1),
(36, 36, 1, 1),
(37, 37, 1, 1),
(38, 38, 1, 1),
(39, 39, 1, 1),
(40, 40, 1, 1),
(41, 41, 1, 1),
(42, 42, 1, 1),
(43, 43, 1, 1),
(44, 44, 1, 1),
(45, 45, 1, 1),
(46, 46, 1, 1),
(47, 47, 1, 1),
(48, 48, 1, 1),
(49, 49, 1, 1),
(50, 50, 1, 1),
(51, 51, 1, 1),
(52, 52, 1, 1),
(53, 53, 1, 1),
(54, 54, 1, 1),
(55, 55, 1, 1),
(56, 56, 1, 1),
(57, 57, 1, 1),
(58, 58, 1, 1),
(59, 59, 1, 1),
(60, 60, 1, 1),
(61, 61, 1, 1),
(62, 62, 1, 1),
(63, 63, 1, 1),
(64, 64, 1, 1),
(65, 65, 1, 1),
(66, 66, 1, 1),
(67, 67, 1, 1),
(68, 68, 1, 1),
(69, 69, 1, 1),
(70, 70, 1, 1),
(71, 71, 1, 1),
(72, 72, 1, 1),
(73, 73, 1, 1),
(74, 177, 2, 1),
(75, 178, 2, 1),
(76, 179, 2, 1),
(77, 180, 2, 1),
(78, 181, 2, 1),
(79, 182, 2, 1),
(80, 183, 2, 1),
(81, 184, 2, 1),
(82, 185, 2, 1),
(83, 186, 2, 1),
(84, 187, 2, 1),
(85, 188, 2, 1),
(86, 189, 2, 1),
(87, 190, 2, 1),
(88, 191, 2, 1),
(89, 192, 2, 1),
(90, 193, 2, 1),
(91, 194, 2, 1),
(92, 195, 2, 1),
(93, 196, 2, 1),
(94, 197, 2, 1),
(95, 198, 2, 1),
(96, 199, 2, 1),
(97, 200, 2, 1),
(98, 201, 2, 1),
(99, 202, 2, 1),
(100, 203, 2, 1),
(101, 204, 2, 1),
(102, 205, 2, 1),
(103, 206, 2, 1),
(104, 207, 2, 1),
(105, 208, 2, 1),
(106, 209, 2, 1),
(107, 210, 2, 1),
(108, 211, 2, 1),
(109, 212, 2, 1),
(110, 213, 2, 1),
(111, 214, 2, 1),
(112, 215, 2, 1),
(113, 216, 2, 1),
(114, 217, 2, 1),
(115, 218, 2, 1),
(116, 219, 2, 1),
(117, 220, 2, 1),
(118, 221, 2, 1),
(119, 222, 2, 1),
(120, 223, 2, 1),
(121, 224, 2, 1),
(122, 225, 2, 1),
(123, 226, 2, 1),
(124, 227, 2, 1),
(125, 228, 2, 1),
(126, 229, 2, 1),
(127, 230, 2, 1),
(128, 231, 2, 1),
(129, 232, 2, 1),
(130, 233, 2, 1),
(131, 234, 2, 1),
(132, 235, 2, 1),
(133, 236, 2, 1),
(134, 237, 2, 1),
(135, 238, 2, 1),
(136, 239, 2, 1),
(137, 240, 2, 1),
(138, 241, 2, 1),
(139, 242, 2, 1),
(140, 243, 2, 1),
(141, 244, 2, 1),
(142, 245, 2, 1),
(143, 246, 2, 1),
(144, 247, 2, 1),
(145, 248, 2, 1),
(146, 249, 2, 1),
(147, 250, 2, 1),
(148, 251, 2, 1),
(149, 252, 2, 1),
(150, 253, 2, 1),
(151, 254, 2, 1),
(152, 255, 2, 1),
(153, 256, 2, 1),
(154, 257, 2, 1),
(155, 258, 2, 1),
(156, 259, 2, 1),
(157, 260, 2, 1),
(158, 261, 2, 1),
(159, 262, 2, 1),
(160, 263, 2, 1),
(161, 264, 2, 1),
(162, 265, 2, 1),
(163, 266, 2, 1),
(164, 267, 3, 1),
(165, 268, 3, 1),
(166, 269, 3, 1),
(167, 270, 3, 1),
(168, 271, 3, 1),
(169, 272, 3, 1),
(170, 273, 3, 1),
(171, 274, 3, 1),
(172, 275, 3, 1),
(173, 276, 3, 1),
(174, 277, 3, 1),
(175, 278, 3, 1),
(176, 279, 3, 1),
(177, 280, 3, 1),
(178, 281, 3, 1),
(179, 282, 3, 1),
(180, 283, 3, 1),
(181, 284, 3, 1),
(182, 285, 3, 1),
(183, 286, 3, 1),
(184, 287, 3, 1),
(185, 288, 3, 1),
(186, 289, 3, 1),
(187, 290, 3, 1),
(188, 291, 3, 1),
(189, 292, 3, 1),
(190, 293, 3, 1),
(191, 294, 3, 1),
(192, 295, 3, 1),
(193, 296, 3, 1),
(194, 297, 3, 1),
(195, 298, 3, 1),
(196, 299, 3, 1),
(197, 300, 3, 1),
(198, 301, 3, 1),
(199, 302, 3, 1),
(200, 303, 3, 1),
(201, 304, 3, 1),
(202, 305, 3, 1),
(203, 306, 3, 1),
(204, 307, 3, 1),
(205, 308, 3, 1),
(206, 309, 3, 1),
(207, 310, 3, 1),
(208, 311, 3, 1),
(209, 312, 3, 1),
(210, 313, 3, 1),
(211, 314, 3, 1),
(212, 315, 3, 1),
(213, 316, 3, 1),
(214, 317, 3, 1),
(215, 318, 3, 1),
(216, 319, 3, 1),
(217, 320, 3, 1),
(218, 321, 3, 1),
(219, 322, 3, 1),
(220, 323, 3, 1),
(221, 324, 3, 1),
(222, 325, 3, 1),
(223, 326, 3, 1),
(224, 327, 3, 1),
(225, 328, 3, 1),
(226, 329, 3, 1),
(227, 330, 3, 1),
(228, 331, 3, 1),
(229, 332, 3, 1);

--
-- Déchargement des données de la table `trainer_apprentice`
--

INSERT INTO `trainer_apprentice` (`id`, `fk_trainer`, `fk_apprentice`) VALUES
(1, 2, 4),
(2, 3, 5),
(3, 6, 7);

--
-- Déchargement des données de la table `user`
--

INSERT INTO `user` (`id`, `fk_user_type`, `username`, `password`, `archive`, `date_creation`) VALUES
(2, 2, 'FormateurDev', '$2y$10$Q3H8WodgKonQ60SIcu.eWuVKXmxqBw1X5hMpZzwjRKyCTB1H1l.pe', 0, '2020-07-09 11:15:24'),
(3, 2, 'FormateurSysteme', '$2y$10$v8qCvWlas8DvVkOxY6k4JufPAxFvJxYRLU0tMMbSJYNQjos27RHMK', 0, '2020-07-09 11:15:47'),
(4, 3, 'ApprentiDev', '$2y$10$6TLaMd5ljshybxANKgIYGOjY0Xur9EgdzcEPy1bgy2b8uyWYeVoEm', 0, '2020-07-09 11:16:05'),
(5, 3, 'ApprentiSysteme', '$2y$10$m..hDbyG41hMRak6Y/b/pO7n3bgy/V2mnATpRvWzrY2rXrXbm6nbi', 0, '2020-07-09 11:16:27'),
(6, 2, 'FormateurOperateur', '$2y$10$SbMYPxqnngLjxVGlG4hW..lrc.pr5Dd74nY.KqdANtEESIvmGRpWi', 0, '2020-07-09 11:24:22'),
(7, 3, 'ApprentiOperateur', '$2y$10$jPNxV2ZZ6Il2LiBQ.CWhNOoud6NsMRFILwHN8kpD410shWeiGpuxK', 0, '2020-07-09 11:24:45');

--
-- Déchargement des données de la table `user_course`
--

INSERT INTO `user_course` (`id`, `fk_user`, `fk_course_plan`, `fk_status`, `date_begin`, `date_end`) VALUES
(1, 4, 1, 1, '2020-07-09', '0000-00-00'),
(2, 5, 3, 1, '2020-07-09', '0000-00-00'),
(3, 7, 4, 1, '2020-07-09', '0000-00-00');
SET FOREIGN_KEY_CHECKS=0;
COMMIT;

/*!40101 SET CHARACTER_SET_CLIENT=@OLD_CHARACTER_SET_CLIENT */;
/*!40101 SET CHARACTER_SET_RESULTS=@OLD_CHARACTER_SET_RESULTS */;
/*!40101 SET COLLATION_CONNECTION=@OLD_COLLATION_CONNECTION */;
